img_id,Smoothness,Curve structure,Label
2,-0.04049942246775584,0.17397974544935452,consolidacao
6,-0.04609863534024222,0.20063322359532,consolidacao
9,-0.019544338775350223,0.22023236557075243,consolidacao
11,-0.03032096685975405,0.17040615366183887,consolidacao
22,-0.0268508636209836,0.20013700799757772,consolidacao
23,-0.014411837213872625,0.1815565621828628,consolidacao
35,-0.04826966306895736,0.18438847965823407,consolidacao
38,-0.037429506669999446,0.18441908042257532,consolidacao
39,-0.00896975596888544,0.16484497720715535,consolidacao
41,-0.0366369778669251,0.19165548341920485,consolidacao
42,-0.039748922676687226,0.18667105241101573,consolidacao
44,-0.038829509668412976,0.17893702627859598,consolidacao
329,-0.02905339649982308,0.17031783005943613,consolidacao
330,-0.004124114024316949,0.14018183557969371,consolidacao
332,-0.014426132208702425,0.12339940799544435,consolidacao
333,-0.010852234769990698,0.12755607153882265,consolidacao
334,-0.022299077256323074,0.13643636814245158,consolidacao
335,-0.02115026989025287,0.13551276012006935,consolidacao
336,-0.022671632354586968,0.16039011336003378,consolidacao
337,-0.02740952762856208,0.16106620949990036,consolidacao
338,-0.009525228153159593,0.16585819355329723,consolidacao
339,-0.025816510111541624,0.15940577252310445,consolidacao
340,-0.025599815887349275,0.13637616292430776,consolidacao
341,-0.018292806023321506,0.1619097707040455,consolidacao
344,-0.011465890473047635,0.13330970506252876,consolidacao
345,-0.011281740233990756,0.15309847202027005,consolidacao
346,-0.008135583093259402,0.14532516946138874,consolidacao
347,-0.014366340279005463,0.1443857028123896,consolidacao
348,0.0006239422000969275,0.1533614683449548,consolidacao
349,-0.010760857112345312,0.1430817080041315,consolidacao
351,-0.0136761383442503,0.15102444772262508,consolidacao
352,-0.024139082941114498,0.1653712985435482,consolidacao
358,-0.0016066861099198193,0.16915616166706196,consolidacao
359,-0.007250973771452285,0.17020237641660046,consolidacao
360,-0.01185837794280542,0.17237874115744062,consolidacao
365,-0.031023871740434694,0.1664265676388933,consolidacao
366,-0.01670973493616429,0.15562724911111414,consolidacao
367,-0.012208743140938172,0.18429450279906273,consolidacao
368,-0.00041880477481631706,0.1440564305046726,consolidacao
369,-0.03170632204045826,0.14494639307537638,consolidacao
371,-0.024537420562203816,0.1707305987156535,consolidacao
372,-0.01536752707153577,0.15752136644853337,consolidacao
374,-0.013400014289187245,0.15783568225201983,consolidacao
377,-0.03537886693921205,0.15151995117524442,consolidacao
378,-0.016035247926152463,0.15437129430282248,consolidacao
379,-0.019035300482230733,0.14006536616715531,consolidacao
381,-0.025372441695666215,0.16656248437885568,consolidacao
382,-0.012613842296399336,0.18081904959057377,consolidacao
383,-0.027938562271598244,0.16791686035410797,consolidacao
384,-0.009725428978824613,0.14763141324763374,consolidacao
385,-0.01703184406952657,0.16262728995284076,consolidacao
386,-0.011574447175688063,0.12536185242707398,consolidacao
387,-0.008867135133660164,0.11927300145531755,consolidacao
388,-0.016429846640844348,0.15178105978320394,consolidacao
389,-0.015393430546737641,0.16172417226233993,consolidacao
390,-0.01312471843537788,0.18576510576152036,consolidacao
391,-0.011917750832657836,0.1406000593141032,consolidacao
393,-0.031148345385628606,0.13042157537773114,consolidacao
394,-0.02854107236854725,0.1382146421264065,consolidacao
395,-0.02390133136850625,0.146206059441166,consolidacao
397,-0.027681600273920137,0.1902686261066457,consolidacao
398,-0.00747244447780987,0.16942962784960347,consolidacao
399,-0.013025054080287202,0.17060187007870753,consolidacao
400,-0.04355565802243688,0.17806551640249452,consolidacao
401,-0.007211923440943735,0.16391555972073307,consolidacao
402,-0.013621323248809214,0.14857056178250766,consolidacao
403,-0.009244393013265295,0.14965216400709935,consolidacao
404,-0.016850681523100985,0.12883553547134874,consolidacao
406,-0.001145444906347437,0.160838159434385,consolidacao
407,-0.022663341735985443,0.14169987506532777,consolidacao
408,-0.004701386275224484,0.15976006463484166,consolidacao
409,-0.022901596397400248,0.17271783363573717,consolidacao
410,-0.031435859240648345,0.149445230366334,consolidacao
411,-0.015542598045128364,0.1432911946165621,consolidacao
412,-0.026520250456289196,0.1532376920947891,consolidacao
413,-0.014612231533762843,0.1594144386438186,consolidacao
415,-0.009288901784366976,0.14666060315959284,consolidacao
416,-0.002146729749420817,0.12862150546960127,consolidacao
417,-0.026756921183511362,0.15828711741067092,consolidacao
418,-0.013027867540130578,0.14448650972203597,consolidacao
420,-0.043971892744058994,0.14622611128719187,consolidacao
421,-0.0009247544694465648,0.17074242579721244,consolidacao
422,-0.026735657184127015,0.1455907108749585,consolidacao
423,-0.027123579874741954,0.15572322310044184,consolidacao
424,-0.0014149454610785095,0.1445279415240585,consolidacao
425,-0.02406949748512932,0.13124949497394145,consolidacao
426,0.0014336541504419431,0.15261881094715907,consolidacao
427,-0.012634859784645569,0.1558299118921075,consolidacao
428,-0.02945180133622266,0.15929660409698704,consolidacao
429,-0.021533024341551743,0.14411345094285144,consolidacao
430,-0.05272324080015628,0.15907441478050655,consolidacao
435,-0.016149908289199766,0.15424586758349973,consolidacao
436,-0.009248530363312912,0.1370172332706392,consolidacao
437,-0.021009398670773505,0.1618123444772967,consolidacao
438,-0.024409745171543318,0.1440264043498608,consolidacao
439,-0.008305789722516332,0.13738137814507934,consolidacao
440,-0.0031847297505264716,0.1434295534090898,consolidacao
441,-0.025023854353714237,0.15405987705706647,consolidacao
443,-0.022129093202635397,0.14810383758274015,consolidacao
444,-0.0390443345584347,0.17297429861784047,consolidacao
493,-0.017807893772771977,0.11379911791149794,enfisema
494,-0.015060640162749273,0.13089514120323853,enfisema
495,-0.035520628989207936,0.15245367164008494,enfisema
508,-0.011300203250460383,0.12335101997461084,enfisema
509,-0.017012122323378287,0.13135888271942414,enfisema
510,-0.01953514407678092,0.1188945161026343,enfisema
516,-0.04775530854665899,0.17316066068594205,enfisema
523,-0.04118458203220676,0.1553723039791653,enfisema
524,-0.03869290315198326,0.14428461565980433,enfisema
525,-0.03694997267809952,0.14759485644947795,enfisema
526,-0.031694936560199005,0.1823714928565623,enfisema
528,-0.017059544542551375,0.14593886643439674,enfisema
529,-0.0252949466665629,0.14211940371959786,enfisema
530,-0.029632293592270986,0.14279226645356657,enfisema
531,-0.041428174317611755,0.15728456486241982,enfisema
532,-0.037995226320740705,0.16513284550405427,enfisema
533,-0.029722247692302306,0.15689510802162793,enfisema
545,-0.0216203005652002,0.1521708956634527,enfisema
551,-0.027419219010462903,0.13886585513303634,enfisema
552,-0.022511346365000573,0.13036640077491402,enfisema
553,-0.03245793323954477,0.1556093995680295,enfisema
554,-0.039290953098361725,0.15789725665183968,enfisema
555,-0.031019700679853213,0.18379837062725568,enfisema
567,-0.027854789703929628,0.12627548952429263,enfisema
568,-0.0361642045301952,0.17552833168185128,enfisema
569,-0.034878437420736375,0.1503906953184353,enfisema
589,-0.03536322290447952,0.16854861299778512,enfisema
590,-0.035979821705402926,0.17244870692790804,enfisema
591,-0.017425817181155434,0.14014021268227367,enfisema
593,-0.024403771668692398,0.1536320375641127,enfisema
594,-0.03367990621211292,0.19523808895403322,enfisema
595,-0.0313789436916046,0.171577274686661,enfisema
598,-0.020059632030559438,0.14631053434514796,enfisema
599,-0.03239690391932565,0.17237090259996019,enfisema
604,-0.018307150948840334,0.1244277186689442,enfisema
609,-0.044169303054799214,0.16383406690250013,enfisema
610,-0.0424658372576216,0.17617167155891383,enfisema
616,-0.022107977162659942,0.14022701048817304,enfisema
617,-0.016209201035685183,0.14202497783998985,enfisema
618,-0.03005661861905956,0.15682228782201446,enfisema
619,-0.027618703679742562,0.14082301412338133,enfisema
623,-0.022105278085317592,0.15001192148266668,enfisema
624,-0.024557402629205416,0.13926033083233558,enfisema
633,-0.012687800205081257,0.12951095581006095,enfisema
635,-0.009571486575113863,0.15263946628901848,enfisema
637,-0.004192559334966595,0.11454055866057694,enfisema
643,-0.014864916441532372,0.165636202835438,enfisema
644,0.0034420691434007278,0.11520221971214795,enfisema
649,0.0024616628944010843,0.13337717107963892,enfisema
667,-0.01805497911609305,0.13323660260775488,enfisema
673,-0.01555745868301145,0.13865888125967146,enfisema
697,-0.016270807886086647,0.1361632092718975,enfisema
698,-0.007155011723555482,0.14440476995711538,enfisema
699,-0.027652906805047284,0.16649881672710176,enfisema
700,-0.01916119898588675,0.1429277730016828,enfisema
701,-0.0020915205168970386,0.12004221814133609,enfisema
702,0.001446439367858432,0.14542991917442727,enfisema
725,-0.010924313233803107,0.1242131805820153,enfisema
727,-0.01552817341149787,0.1347441095280798,enfisema
761,-0.04436862893521015,0.19994920468851035,enfisema
762,-0.028887342345988665,0.16574506660748595,enfisema
763,-0.04728871809592533,0.18333158104102426,enfisema
764,-0.025835402327406054,0.16928007966269376,enfisema
781,-0.05147007583710622,0.16010492871447873,enfisema
782,-0.0514490431770695,0.17688830220827456,enfisema
783,-0.03843632351836007,0.15595015959289,enfisema
784,-0.02909631486706854,0.15773603298110916,enfisema
785,-0.04749830082639955,0.1833272959812155,enfisema
786,-0.03679459411697633,0.16846421935215017,enfisema
787,-0.021082742554762668,0.18699122617954672,enfisema
788,-0.031312451322521195,0.1772602133138516,enfisema
789,-0.036250958600127337,0.170723304932403,enfisema
793,-0.02232238291171018,0.15730244861534726,enfisema
794,-0.015605708841094745,0.15098340673477362,enfisema
795,-0.03561595987712379,0.15593999361190092,enfisema
798,-0.02153364884790082,0.12818262889365573,enfisema
811,-0.03935832088731889,0.1496556038599272,enfisema
813,-0.03647515877422902,0.16350287264809887,enfisema
814,-0.018487747144827538,0.14943780230406295,enfisema
820,-0.025202711334576355,0.14735092028750063,enfisema
821,-0.03598964753964046,0.17245147140340678,enfisema
835,-0.03478051856280823,0.16409447370972297,enfisema
844,-0.013825787510496568,0.13951924547390526,enfisema
850,-0.017315044951414005,0.15032113462385305,enfisema
865,-0.03203665935241079,0.16322393762051585,enfisema
869,-0.040329298185247886,0.18594914835720466,enfisema
871,-0.02588516966464488,0.16902085992383842,enfisema
876,-0.021292429162670656,0.11805113552268481,enfisema
877,-0.033631139282240874,0.13004651443435217,enfisema
887,-0.03005461127308634,0.14478482809387405,favo_de_mel
887,-0.03005461127308634,0.14478482809387405,enfisema
891,-0.025910555792542034,0.1693203397404851,favo_de_mel
891,-0.025910555792542034,0.1693203397404851,enfisema
892,-0.04965957812841454,0.1935773005678229,enfisema
893,-0.037400724107297834,0.18188115817508765,enfisema
896,-0.04454254017446824,0.15920724665607056,enfisema
897,-0.04070194966409457,0.15707577764110164,enfisema
897,-0.04070194966409457,0.15707577764110164,favo_de_mel
898,-0.03503090072260728,0.15486543460555968,enfisema
901,-0.031055280389920004,0.1470563285626279,enfisema
902,-0.03592991826657743,0.1694949030301936,enfisema
913,-0.027634743078465085,0.16826319071648338,enfisema
914,-0.051306827849319,0.1704249317486421,enfisema
956,-0.02016414035533748,0.1221856315352769,espessamento
957,-0.03760349771886773,0.11094107220218236,espessamento
960,-0.020267970896230503,0.15054018853659745,espessamento
964,-0.03493235321422039,0.17944680723294398,espessamento
969,-0.0271037971612611,0.1704571782743401,espessamento
970,-0.03283484849777629,0.1539884299807865,espessamento
976,-0.02845889752642594,0.18400990109714144,espessamento
977,-0.04339500465475893,0.14911157834135402,espessamento
978,-0.0365606489465104,0.16104391417463215,espessamento
979,-0.0309866312725513,0.17457594136899407,espessamento
980,-0.03986240608975611,0.16604338537100438,espessamento
982,-0.05391419901701289,0.16673612606752025,espessamento
985,-0.019942121105685218,0.1488842408172742,espessamento
986,-0.032590573068858486,0.1272817322917731,espessamento
987,-0.03569975249958468,0.17147329773151315,espessamento
988,-0.01439315537648539,0.14241169881252197,espessamento
989,-0.03234947493576984,0.18486465611791164,espessamento
990,-0.0359528854637719,0.16197964650764868,espessamento
999,-0.02251577105538688,0.1260803408457598,espessamento
1000,-0.01581885717680337,0.12151188728137463,espessamento
1001,-0.03028078264819556,0.14456485771508687,espessamento
1002,-0.02121454318670124,0.14806003419245994,espessamento
1005,0.0005469292128435499,0.12512250928387997,espessamento
1006,-0.02252274927314818,0.16078939633756684,espessamento
1013,-0.020687450193152268,0.17001755244763378,espessamento
1014,-0.03099659982463837,0.1280167571586709,espessamento
1020,-0.024580756458731035,0.15018343388866912,espessamento
1028,-0.01776287035857055,0.14197897653696,espessamento
1030,-0.030062804104445895,0.11362818083035098,espessamento
1031,-0.03900050477067801,0.12959484366361929,espessamento
1033,-0.02176770927376165,0.1579153807305258,espessamento
1034,-0.028285888590165065,0.1568069469160444,espessamento
1035,-0.02704759196143164,0.1768364658638551,espessamento
1050,-0.04435130561917622,0.18012485051113575,espessamento
1051,-0.04028510321829032,0.18400547040982923,espessamento
1052,-0.030250884624247243,0.183210717331653,espessamento
1054,-0.04432402639885413,0.19274425359270414,espessamento
1057,-0.03843935406996413,0.17610756278040157,espessamento
1058,-0.039457923035273734,0.19194935352239023,espessamento
1060,-0.04762043477377992,0.17032006775706543,espessamento
1061,-0.04363030798273071,0.1528649493087461,espessamento
1064,-0.044382319361583655,0.204902968197457,espessamento
1065,-0.035718443295176205,0.2189385674166589,espessamento
1066,-0.0419040795195868,0.17233861833851605,espessamento
1067,-0.03480814702804469,0.16341398203504515,espessamento
1068,-0.034618749619494016,0.18651614608196726,espessamento
1069,-0.03905552810217472,0.18844631690825453,espessamento
1070,-0.038487442064663036,0.17111215957246412,espessamento
1071,-0.031822571639438246,0.18311956688519698,espessamento
1072,-0.04656534268725315,0.16260952479070512,espessamento
1075,-0.036561308607025444,0.19813347578825952,espessamento
1076,-0.04913094011004604,0.1950666634781783,espessamento
1077,-0.048443436276303375,0.16891432934364958,espessamento
1133,-0.0357401771736689,0.1793029305481455,espessamento
1134,-0.036438975342543256,0.193910335197314,espessamento
1140,-0.03278488503783855,0.16880374651860358,espessamento
1142,-0.03724709648698016,0.17381873697086636,espessamento
1143,-0.06458330220496372,0.18641775975832725,espessamento
1144,-0.0595229722159793,0.1760753864899135,espessamento
1145,-0.05099175216257429,0.1801265045647909,espessamento
1146,-0.05328854063038296,0.19351254348264002,espessamento
1147,-0.03671842759905569,0.18579897612440532,espessamento
1148,-0.04821193793808254,0.18375922883177054,espessamento
1149,-0.016189784317901468,0.16233035004705892,espessamento
1150,-0.03654298191114774,0.15207934727168793,espessamento
1151,-0.03952158176817777,0.14629271146455874,espessamento
1329,-0.034819057661627684,0.18513192138477136,espessamento
1330,-0.03213156676305645,0.18143243139570475,espessamento
1331,-0.03772184733546324,0.16955415803236262,espessamento
1332,-0.04200254456380387,0.18465898084487709,espessamento
1333,-0.05172544981346383,0.1775007590654386,espessamento
1450,-0.02442194223407973,0.15461092267509785,espessamento
1451,-0.033112822755473614,0.17031183408269057,espessamento
1452,-0.03598256861892546,0.1686923015012196,espessamento
1453,-0.05078268190397711,0.22325873090741832,espessamento
1454,-0.04011170117151236,0.16135528674128446,espessamento
1455,-0.0370381528453409,0.14875720299107742,espessamento
1456,-0.04037914793850267,0.14773914568223423,espessamento
1457,-0.04171625422381048,0.15104313494807659,espessamento
1458,-0.038447226515522015,0.14614171949173438,espessamento
1478,-0.06118218361392086,0.17982717891541328,espessamento
1481,-0.028143852396974922,0.19064607573946263,espessamento
1482,-0.03857005474523473,0.15215239449422907,espessamento
1483,-0.047169836445274005,0.1608536829848098,espessamento
1484,-0.01949553996509007,0.17110465215570209,espessamento
1489,-0.03811814665204366,0.1699347696235448,espessamento
1490,-0.0510532805777959,0.18337620335804666,espessamento
1498,-0.05701306076173285,0.16621762616907065,espessamento
1499,-0.043760394786004964,0.20124508636111366,espessamento
1500,-0.05662418438254685,0.17709767612259375,espessamento
1501,-0.049814301809809114,0.20130726200380916,espessamento
1506,-0.04751643987779036,0.19206819294643585,espessamento
1509,-0.04350134953814033,0.1895139747462099,espessamento
1510,-0.04447062589828288,0.19234853811169045,espessamento
1511,-0.053395691731071004,0.19442781111284518,espessamento
1513,-0.045154834247775666,0.16499373701134412,espessamento
1514,-0.034202691470148094,0.1977819140830262,espessamento
1519,-0.04434907467341309,0.17434479190888696,espessamento
1523,-0.04257302724711837,0.18014607081276424,espessamento
1524,-0.05024334688810789,0.18334084111667692,espessamento
1718,-0.03319978021652942,0.22470099343087901,favo_de_mel
1719,-0.04305352368949966,0.23142186003566106,favo_de_mel
1725,-0.04238015158642566,0.22565177820481114,favo_de_mel
1726,-0.04185831063192369,0.19438327702960484,favo_de_mel
1731,-0.023215422372202588,0.1842380110640902,favo_de_mel
1733,-0.0437562264550142,0.21627183467718286,favo_de_mel
1735,-0.05326135420399153,0.22445932808776256,favo_de_mel
1736,-0.05796180167942039,0.23403478424829866,favo_de_mel
1740,-0.03410358154689053,0.20955542256621423,favo_de_mel
1741,-0.06921189486430607,0.2224030566649277,favo_de_mel
1759,-0.026538658210184585,0.18053552965146413,favo_de_mel
1766,-0.0440415905852386,0.19696594665819006,favo_de_mel
1772,-0.02984345649204051,0.20760978738390323,favo_de_mel
1774,-0.032624659924220756,0.2133500533041489,favo_de_mel
1777,-0.04972902970626103,0.1945226662827475,favo_de_mel
1779,-0.03851392238758922,0.19511281544269393,favo_de_mel
1789,-0.06482078812168662,0.2099180224425436,favo_de_mel
1790,-0.06694209188062478,0.19314080083697044,favo_de_mel
1791,-0.05067454337069993,0.18348584265085655,favo_de_mel
1792,-0.051677335434206106,0.20818561028928279,favo_de_mel
1793,-0.05167129564100653,0.20570790323885224,favo_de_mel
1798,-0.0522933149457987,0.22219651176543823,favo_de_mel
1815,-0.031933970578203796,0.20556241573318063,favo_de_mel
1816,-0.04215501033089997,0.21327206673068438,favo_de_mel
1820,-0.05181429777340257,0.22123408462576866,favo_de_mel
1821,-0.06188035552078264,0.22715206896438672,favo_de_mel
1822,-0.05102347685490827,0.2092718031804588,favo_de_mel
1825,-0.06663114883966886,0.24938932906536815,favo_de_mel
1826,-0.04858715642022515,0.2111742049428021,favo_de_mel
1827,-0.06381937151436162,0.23522913103435497,favo_de_mel
1832,-0.057676608618335734,0.18500951406876037,favo_de_mel
1840,-0.04702284484876357,0.19914625190002144,favo_de_mel
1845,-0.04580502081242621,0.21287548017021202,favo_de_mel
1849,-0.05068250225324489,0.21452640002467982,favo_de_mel
1850,-0.053357447974667294,0.19878330589908094,favo_de_mel
1852,-0.0520123233532403,0.20589716806243896,favo_de_mel
1853,-0.07116192865184845,0.21979571238158307,favo_de_mel
1854,-0.059125959519984395,0.23578659191205206,favo_de_mel
1855,-0.059427771729577084,0.19471338830733614,favo_de_mel
1858,-0.05383836878016823,0.21984908379334905,favo_de_mel
1859,-0.061942681784459885,0.23480946184876217,favo_de_mel
1860,-0.05845041627088371,0.2227923698962136,favo_de_mel
1861,-0.062141332625501144,0.21804367598813718,favo_de_mel
1862,-0.04328994976969702,0.21055375054512995,favo_de_mel
1863,-0.05636788030261736,0.20352890406196594,favo_de_mel
1864,-0.05560742615191988,0.20090603679280583,favo_de_mel
1865,-0.06720078360128501,0.20049641950282238,favo_de_mel
1866,-0.07393067330245007,0.2351444017160918,favo_de_mel
1870,-0.06653957889746881,0.22257028280136382,favo_de_mel
1875,-0.033439202410924296,0.19286338375194273,favo_de_mel
1876,-0.0550371644403434,0.2122468378177491,favo_de_mel
1879,-0.050091764370351066,0.19197895378229252,favo_de_mel
1880,-0.061658865244267,0.24807971451447944,favo_de_mel
1881,-0.06090631147177744,0.21252532636513277,favo_de_mel
1882,-0.05238416752996505,0.1977079355298031,favo_de_mel
1887,-0.03750666415349796,0.21590061058407684,favo_de_mel
1888,-0.06982667597490955,0.2347392682481228,favo_de_mel
1892,-0.04389688885753035,0.19251091201638093,favo_de_mel
1893,-0.0513006267814784,0.21462125402863724,favo_de_mel
1894,-0.04690683434548171,0.2080476598511809,favo_de_mel
1895,-0.05018753728348452,0.237583578953428,favo_de_mel
1896,-0.04564488012275464,0.20288827140968824,favo_de_mel
1898,-0.05364781648731437,0.21423376358353108,favo_de_mel
1899,-0.04358461674145958,0.2142343791467558,favo_de_mel
1910,-0.053133582388971035,0.22321466832528652,favo_de_mel
1914,-0.06622397052637752,0.21724532400302354,favo_de_mel
1915,-0.06248988967913954,0.22216843585200152,favo_de_mel
1916,-0.07331326801929561,0.22762905347654927,favo_de_mel
1919,-0.05394135124581584,0.21125549498235002,favo_de_mel
1920,-0.059144295195753205,0.2032955368925961,favo_de_mel
1922,-0.048432770212958665,0.22349720584868138,favo_de_mel
1927,-0.06069566329851178,0.2059758029133461,favo_de_mel
1928,-0.0495566531194826,0.2053970955520497,favo_de_mel
1929,-0.023952274459845102,0.1884663988445382,favo_de_mel
1937,-0.047477602284561105,0.19680257825154363,favo_de_mel
1938,-0.06261953119880354,0.22132295476146013,favo_de_mel
1946,-0.029928411072929373,0.17704607114523585,favo_de_mel
1963,-0.04978705699289493,0.1494680873351909,favo_de_mel
1964,-0.05500856808062621,0.19018144877698495,favo_de_mel
2003,-0.0552515802550711,0.21795882029015984,favo_de_mel
2004,-0.043829025942705324,0.1748888967597796,favo_de_mel
2005,-0.06200091133267094,0.21695150478458236,favo_de_mel
2007,-0.06088373882409198,0.2032370539725017,favo_de_mel
2008,-0.033793805985525116,0.19257849267667493,favo_de_mel
2012,-0.05853973597778772,0.18626535771429448,favo_de_mel
2013,-0.06029122648525764,0.21160320701108631,favo_de_mel
2014,-0.04335933165074907,0.20668143735748845,favo_de_mel
2037,-0.05845501688979571,0.20922588150594346,favo_de_mel
2038,-0.06140169773182402,0.17965053243848367,favo_de_mel
2039,-0.05571622175246699,0.20460340801159077,favo_de_mel
2042,-0.054841873692693666,0.1667802924162739,favo_de_mel
2043,-0.04261035195552687,0.1601642363537925,favo_de_mel
2058,-0.05742412091302185,0.1966682400071637,favo_de_mel
2061,-0.04596189826274727,0.19763565602356864,favo_de_mel
2067,-0.05954280066474221,0.16379221409047384,favo_de_mel
2070,-0.06246180937252882,0.1865981693534272,favo_de_mel
2073,-0.053542957638137545,0.20086141810368363,favo_de_mel
2076,-0.02147488678634607,0.14262277279625057,normal
2081,-0.023944782257560637,0.10537959498363458,normal
2083,-0.02124653120071507,0.1138419079730777,normal
2084,-0.004860774277669122,0.14160636376360514,normal
2087,-0.029189487079929077,0.14741166633184,normal
2091,-0.027513344919964933,0.15273317537586445,normal
2092,-0.03410045917175386,0.15892444871496592,normal
2093,-0.033016502211592635,0.13204723720555583,normal
2096,-0.027082310889016747,0.09710564404802968,normal
2097,-0.030947145367635265,0.1429382409883455,normal
2098,-0.0342731781061672,0.1411046905150556,normal
2101,-0.009476395725164455,0.13143542242392459,normal
2102,-0.020807618484274537,0.14245761920731675,normal
2103,-0.01152677865900914,0.12489377240782684,normal
2104,-0.03427477905218451,0.14861487439517507,normal
2109,-0.030873495542341922,0.11743900741011942,normal
2115,-0.038204687141535465,0.1505925557170878,normal
2116,-0.017939502974412658,0.1384442040985866,normal
2123,-0.01630520072494529,0.13441076493801057,normal
2124,-0.03145382790467932,0.11868049911110767,normal
2125,-0.009415529361004704,0.12967484528351492,normal
2137,-0.03320929440070869,0.1453370247506257,normal
2139,-0.02632146689341769,0.14087150329952797,normal
2140,-0.026876363157068373,0.14670389700800568,normal
2155,-0.037059746718976494,0.13959173988254164,normal
2156,-0.022954181540585095,0.1629974361493669,normal
2164,-0.04063103453172373,0.16411918786190266,normal
2169,-0.03406752622132797,0.16152505919618088,normal
2171,-0.02360047601461629,0.13471939524855764,normal
2290,-0.021670019107780214,0.15027123633694245,normal
2291,-0.02072927477457648,0.18774459389509618,normal
2293,-0.03619257193301012,0.16338307587138806,normal
2294,-0.03517484024840073,0.15529072157984974,normal
2302,-0.023985456199893396,0.15037406990014396,normal
2307,-0.029693248554664764,0.14464643386138154,normal
2308,-0.03150329997996776,0.150976428944189,normal
2311,-0.03179603109983731,0.13943286196631516,normal
2312,-0.032370524018429714,0.1555722279116062,normal
2314,-0.017392885539635916,0.157469680721934,normal
2317,-0.019183275582051074,0.13921880297042338,normal
2318,-0.027338382331136446,0.14989347121169178,normal
2321,-0.01986805060740454,0.14398986738174374,normal
2324,-0.03089578860675074,0.13582068885705434,normal
2325,-0.015332433969976411,0.1535926030173259,normal
2327,-0.0372268389949611,0.15032723995356756,normal
2328,-0.02457433424008265,0.1105115890897842,normal
2330,-0.004162222451741859,0.13404937307720893,normal
2335,-0.023174633965573233,0.12432328447033286,normal
2338,-0.02848775973878609,0.15852453993003646,normal
2340,-0.019903675004540766,0.1549347934507646,normal
2342,-0.015070220715189375,0.15640571027238198,normal
2344,-0.013191586042581804,0.12914519912963207,normal
2345,-0.016233505460544584,0.1435654134368195,normal
2346,-0.02940704017034823,0.14582762079130374,normal
2351,-0.0167234440561832,0.13841202630201177,normal
2352,-0.02684066571270477,0.1449386916417315,normal
2357,-0.01859317120923054,0.15785358674744843,normal
2358,-0.03466163324652494,0.1580272857977541,normal
2363,-0.030668451317512446,0.1543715312448794,normal
2374,-0.022307430642641624,0.1438687335258808,normal
2380,-0.013248733541109281,0.13763940258631274,normal
2383,-0.012324090172558366,0.14467748237575395,normal
2386,-0.02384665859318219,0.16366577438528362,normal
2390,-0.024913927748031306,0.0840360009050714,normal
2391,-0.030069897256817135,0.13864953848006695,normal
2398,-0.02403180416166245,0.1414462539136544,normal
2399,-0.02138889507040509,0.13792002872339243,normal
2400,-0.010240054720293601,0.12294710739612547,normal
2401,0.002662928542857046,0.1479795242829311,normal
2402,-0.0027313976296302056,0.10308445378526998,normal
2405,-0.00813463865002445,0.1264816162788776,normal
2412,-0.03512720887938009,0.142798364636555,normal
2416,-0.005481423581167988,0.11443277990557782,normal
2417,-0.016075587852907247,0.13238510698777994,normal
2428,-0.028945106615713756,0.16723058121359013,normal
2434,-0.020782296894399754,0.1095401717586319,normal
2437,-0.008799303852941476,0.1594443060170685,normal
2438,-0.009829480799717183,0.10222386461030325,normal
2439,-0.013930113753808093,0.13158991607287251,normal
2471,-0.02717892124894289,0.13082877099962575,normal
2477,-0.028604500019440315,0.14196763602526863,normal
2482,-0.022034891513553145,0.16715926955157773,normal
2512,-0.006647049567852559,0.11791082102612155,normal
2513,-0.02353839748339831,0.1296691210445926,normal
2514,-0.005190835908082003,0.1288952060840668,normal
2517,-0.025313287434621523,0.15423163346601365,normal
2523,-0.020991456695294508,0.14464242365958552,normal
2527,-0.0245785709051069,0.15350416236740083,normal
2528,-0.018756310086551042,0.1360090193905194,normal
2529,-0.05016836324247531,0.14813413617043164,normal
2532,-0.007126036410827152,0.16703668104261937,normal
2533,-0.01504405164396494,0.1431513138378312,normal
2535,-0.009905773305429133,0.14061363113007513,normal
2536,-0.014161613172448517,0.15613633068029115,normal
2538,-0.01866521578792102,0.14051910566251175,normal
2540,-0.018996037297456803,0.16667215357668308,normal
2555,-0.014100250103282919,0.13384376936639564,normal
2556,-0.01370379869822913,0.12442260449119241,normal
2569,-0.034487988791680746,0.14345965259420168,normal
2570,-0.02316551945081663,0.15454840395098834,normal
2694,-0.059490990961789614,0.20231909610322213,vidro_fosco
2697,-0.0279813875920652,0.19651537616019527,vidro_fosco
2698,-0.02121030986061362,0.17744714271557427,vidro_fosco
2699,-0.04205433021927829,0.18025708141920632,vidro_fosco
2700,-0.03217302356535806,0.1705164104775993,vidro_fosco
2702,-0.009612967639176684,0.17951929334571126,vidro_fosco
2703,-0.031403022855990115,0.17389668165342986,vidro_fosco
2708,-0.037797313697055024,0.1871621412081052,vidro_fosco
2709,-0.047584609930541366,0.18572244722229275,vidro_fosco
2710,-0.045934763242628296,0.19668515519067176,vidro_fosco
2711,-0.047003227730375685,0.19051780006704905,vidro_fosco
2712,-0.030172671883318736,0.2025539314710555,vidro_fosco
2715,-0.037139562689538885,0.1947745627389712,vidro_fosco
2716,-0.034851307600116954,0.1961844594723876,vidro_fosco
2717,-0.045335131298733955,0.20709902895980764,vidro_fosco
2718,-0.038238890820331106,0.19851865927595608,vidro_fosco
2721,-0.03363339479699451,0.17163485481315954,vidro_fosco
2722,-0.04004904391317282,0.2120431770499886,vidro_fosco
2723,-0.02030862322023197,0.1617325488830303,vidro_fosco
2728,-0.017058799701746896,0.16994725990399467,vidro_fosco
2729,-0.03828875856654568,0.18192493898752765,vidro_fosco
2733,-0.05167211562931989,0.19371985979127992,vidro_fosco
2734,-0.040344097726777384,0.1724874876000715,vidro_fosco
2735,-0.043988007338870816,0.18711331214700616,vidro_fosco
2736,-0.04877211936906639,0.17931215879121076,vidro_fosco
2744,-0.026043613935406884,0.16457866900647067,vidro_fosco
2745,-0.04412195159981325,0.18971727893733625,vidro_fosco
2746,-0.026863602447698642,0.1840730259437427,vidro_fosco
2747,-0.047686119152753115,0.2028237120395947,vidro_fosco
2748,-0.02101219155619327,0.15032263519280226,vidro_fosco
2749,-0.051984734001960575,0.19637024452299423,vidro_fosco
2750,-0.014248378007818918,0.20300988475186743,vidro_fosco
2764,-0.05240885893573566,0.18715829428973263,vidro_fosco
2765,-0.06585626598575306,0.18334302384891976,vidro_fosco
2771,-0.050245307902031355,0.19540450030230722,vidro_fosco
2772,-0.04908943882547673,0.1839889577578364,vidro_fosco
2779,-0.05528164781124134,0.18772518531487314,vidro_fosco
2780,-0.04918965558942723,0.17781766135089533,vidro_fosco
2782,-0.050418930406301965,0.17800263145913775,vidro_fosco
2783,-0.0362384233134076,0.15808573683619292,vidro_fosco
2784,-0.0494085176931478,0.16661304991875892,vidro_fosco
2799,-0.0502026312962105,0.17627221509337154,vidro_fosco
2815,-0.05379413887144985,0.21106788102946972,vidro_fosco
2816,-0.04748303462505682,0.17871839951374352,vidro_fosco
2817,-0.04589567723209803,0.19302700870192463,vidro_fosco
2822,-0.05117316242399028,0.16648793123128736,vidro_fosco
2828,-0.033308385974005816,0.19988897284467566,vidro_fosco
2864,-0.04176538855546874,0.17281374674894356,vidro_fosco
2865,-0.04368839453673684,0.20198678605343234,vidro_fosco
2866,-0.039656553889336366,0.19245726844284494,vidro_fosco
2867,-0.0441432060303269,0.19797165256051708,vidro_fosco
2869,-0.06048069867608147,0.1970807643257651,vidro_fosco
2870,-0.04636348888442571,0.17928059769428273,vidro_fosco
2871,-0.03998600187781376,0.19110056611122306,vidro_fosco
2877,-0.032860573751299915,0.17833092021713792,vidro_fosco
2878,-0.057879724512300224,0.2186145284529395,vidro_fosco
2879,-0.0586370494745283,0.2133027639092091,vidro_fosco
2900,-0.05826185037967774,0.1862217591633904,vidro_fosco
2912,-0.05111993887600419,0.20650819190402314,vidro_fosco
2913,-0.03818403844653945,0.22156112240474432,vidro_fosco
2918,-0.046662963535436086,0.19639061793168483,vidro_fosco
2919,-0.05856041542091145,0.21999555446458885,vidro_fosco
2920,-0.045350778404617154,0.17805213839127687,vidro_fosco
2921,-0.04487151496147951,0.1967470576505418,vidro_fosco
2940,-0.034931099019536394,0.18621138502031337,vidro_fosco
2941,-0.04991549964003367,0.17641850362267564,vidro_fosco
2942,-0.04642251642867812,0.21510882562825853,vidro_fosco
2943,-0.041956585115642875,0.21606758072779086,vidro_fosco
2946,-0.03566086026024046,0.15557533894816533,vidro_fosco
2947,-0.045327361674851074,0.19955079756973526,vidro_fosco
2948,-0.03387476189241462,0.18723804633414742,vidro_fosco
2949,-0.051110650977357786,0.2369448048632051,vidro_fosco
2950,-0.055532940173196266,0.2188354315422293,vidro_fosco
2953,-0.04372836459960727,0.20759134831384407,vidro_fosco
2954,-0.06734040373710182,0.20169006821798724,vidro_fosco
2959,-0.051616262332206175,0.1897608132492533,vidro_fosco
2960,-0.05078705850262122,0.19452021180914048,vidro_fosco
2962,-0.07302926705987611,0.21024896611906652,vidro_fosco
2963,-0.06098767132060895,0.19458864404672022,vidro_fosco
2974,-0.04579513355445858,0.19412864443585687,vidro_fosco
2975,-0.044436514510513336,0.18920436501821997,vidro_fosco
2976,-0.031894036425282324,0.200992952062174,vidro_fosco
2989,-0.05845479381834062,0.2185424645378229,vidro_fosco
2991,-0.06137932288931297,0.21276374966096423,vidro_fosco
2992,-0.05751797418687887,0.18342508588129058,vidro_fosco
2995,-0.037474055280519114,0.18916348067035704,vidro_fosco
2996,-0.048663614310888226,0.22197557059465978,vidro_fosco
2997,-0.03971607140928174,0.18092740401065743,vidro_fosco
3002,-0.04365433943864383,0.2098077288079923,vidro_fosco
3031,-0.034576078466922566,0.14639690772197111,vidro_fosco
3035,-0.031862969902822946,0.16768112172147015,vidro_fosco
3036,-0.04253370072842738,0.1732969758781734,vidro_fosco
3121,-0.02839507632398458,0.1654912124465392,vidro_fosco
3122,-0.034179311008501856,0.19327871658691653,vidro_fosco
3123,-0.0327180558585532,0.19324214479667412,vidro_fosco
3125,-0.039074181604584146,0.21914640840684851,vidro_fosco
3126,-0.041704594332997114,0.18878565831644406,vidro_fosco
3130,-0.022328756453018572,0.20524872701427874,vidro_fosco
3131,-0.02545172740002577,0.18154544427232627,vidro_fosco
3132,-0.04302423189482246,0.19946871363191115,vidro_fosco
